email,password,length_ok,has_upper,has_lower,has_digit,has_special,common_password,used_personal_info
isaac917@gmail.com,$2b$12$JBsw64hgyWRxFAX2/ZsWYO51tkU3cPNdEIFrxxOFNlNaqE8MHp9j6,true,true,true,false,true,false,false
avi942@gmail.com,$2b$12$MnqQ8qrwzA3QwivRvClh8eFrV93xDjcqmjDnunRZzUIJqNfavQCRa,false,true,true,true,false,false,true
oni535@gmail.com,$2b$12$a08EmYS9WmnhoMHxXZBS1u.nfLbHQh83IJA2ql1.Z8o4NOyeWcAA.,true,true,true,true,true,false,false
gunbir813@gmail.com,$2b$12$Bu6kkZ8nhDqCDBqtUPQ3ROaasl5Ci4YV0yqqCuvhrplMFJw4hSMWK,true,true,true,true,false,false,true
aishani231@gmail.com,$2b$12$4AuJ1oizKasLu8fEuq6FAugZOhWYbhQ9nHrAW.Y0BtgOIc9Kxxlaq,true,true,true,true,true,false,false
tripti558@gmail.com,$2b$12$Y5mGvIrqsJbs7.pKc2vLduuOP93KbkzUDXRFUpwN7AXWUB3YnQ.Lu,true,true,true,true,false,false,true
harrison839@gmail.com,$2b$12$5ydZUx5CXtE2E7CjbBCB0ueZXwd5Bs.DAAGytY7qdMzADqUCR7ejS,true,false,true,false,true,false,false
janya843@gmail.com,$2b$12$45pUJF7qSt7wSE2aT5QS1.azWch1uWoNZdSQh4v1e11tlJnzpuz6S,false,true,true,true,false,false,false
shaurya327@gmail.com,$2b$12$OexkUZueu.fLbYJzy7tkOuTZBDyRmZE2lMVvxgZ5c4kHpLvHe.D.K,true,true,true,true,true,false,false
ekbal797@gmail.com,$2b$12$C0Wa6ZlKEw4WxKLnWd3pOOsIJKJAsdsA8qYQ0PkiX9P5.kP94WcIm,true,true,true,false,false,true,false
yash736@gmail.com,$2b$12$Q3ndCMMtY9KVJNwK8prpbuH2NWZElI9nH6./HKN/TY/9myl2Bf1Ba,true,true,true,true,true,false,true
divya197@gmail.com,$2b$12$YDz1ta6ePY70EzMPsJeoDu9/dlxhSe9byd25BFMwMK4ryuFoJuWq.,true,true,true,true,true,true,false
meghana70@gmail.com,$2b$12$7OAWuLeTF1a1X0Z51mSyueiJLbSBQSu71geffG7pSl5gLORZLtjBe,true,true,true,false,false,false,true
alka76@gmail.com,$2b$12$eDY.208hwSe1NPR4l/ASFuzrd/TkWiFTPh9BoGtm/WmrqnB44JSdy,false,true,true,true,true,false,true
adya822@gmail.com,$2b$12$1Kqbc0S8NLjRnLbSrB5wKeU6y2.iac5K0e4Q7dR5TKqADu9NtqpNi,true,true,true,true,false,false,false
devansh992@gmail.com,$2b$12$uVGUtn1IR1rRNhkPPgfY/.srpmodxaQgT0PxPpiozoYitFaW0RkXu,true,false,true,true,true,false,true
nakul79@gmail.com,$2b$12$ao9E3WMWCw2eYBnos//i4udJSVJxCI3fczQIoEXfm2UKXlfXcL.Ea,true,true,true,true,true,false,false
ekiya701@gmail.com,$2b$12$y6TOJQR8vcC7bbLCJ0XIruNE/9t/yHcDLbiQyUkrGsW3.5BFt5Ri6,true,true,true,true,false,false,false
vaishnavi487@gmail.com,$2b$12$JdwcD.enxodocZIvZl2kAuItBJnAyUAj3Ie50LIodv6T527GdkGvS,true,true,true,false,true,false,true
umang924@gmail.com,$2b$12$tg9y.w62HtVzZYekK/laDuku7NtuRf.5sRQQHNJp2SbalMgBQeBNG,false,true,true,false,true,true,false
victor801@gmail.com,$2b$12$5gKXKhdhsYVlL7nFTHcRreGRycm2p4M7wBY0rphVbYFPiNc6o1JLq,true,true,false,true,true,false,false
kevin2@gmail.com,$2b$12$GBAUhVRiCuaDuBUe7.tmoerK8MvuHaXrCqQjQCAQsDIYJRD4E1cFK,true,true,true,false,true,true,false
chatura982@gmail.com,$2b$12$b6fCO45vbt2QgULlB8az/.HN59kQ5Nkt/JQS/ilu8audmUDE0WaiS,true,false,true,true,false,true,true
turvi62@gmail.com,$2b$12$gd2Lc16a1y3uIM4uANPOM.GvIABopJ9SNov6AHATBdbiLT1QZ0rmq,true,true,true,true,true,false,false
faqid165@gmail.com,$2b$12$14J2eLz4FufhSH7TkD31/.pmw3byoXUg/zSEyN/fBmqacBPMMSbbi,true,true,false,true,false,true,false
nitesh734@gmail.com,$2b$12$Xw8MQFhm8yY.a81hDFXmp.vqG.bDNhauA1PDKUM9BJ1qcs/ubwe1G,true,true,true,true,true,false,false
madhavi127@gmail.com,$2b$12$dWCLPl08K.PjqmP6SUj09eIE3ozIY7nyc28WbqMde/ANuuOexQCCW,true,false,true,true,false,true,false
suhani834@gmail.com,$2b$12$7iTPCqMFqifO.5Hlqmiowehfzx1s/h9aZahEj/5/LTfnZ6YVejPga,true,true,true,false,true,true,false
nakul524@gmail.com,$2b$12$Kr8LUIyDUhhKXplr0LqXrOy9B0FUxHkCBN/Jn4gyh9cohVqgcA8cW,true,true,true,true,true,false,false
finn154@gmail.com,$2b$12$dSWISskCnPLl1Je.T1v4GO8zLwD6JAH/fN0.RbRaFQcHhhJW05dCi,false,true,true,false,true,false,false
aditya496@gmail.com,$2b$12$DqQXelVBkPROnu2.dJljlenEhf9Irzmsytv4Org8p1hCsEahWF6Em,true,true,true,true,true,true,false
harish920@gmail.com,$2b$12$u6FRMBmQP4b2KdpfT.arSuMGU0fIC92wP9ffk8wPSKXFVEKJRzG2S,true,true,true,false,true,true,false
yashawini459@gmail.com,$2b$12$LrMeyVeLeMXKvsByxn3A2eWlQSDHcDLMyK93AwDQey9OthJ0UptF6,true,true,false,true,true,false,false
chandani370@gmail.com,$2b$12$kiUZoZ5Rp3tjp3Tk7CkgfOzOrwQbmtB/odQ6ISpDcMjnbmk2UglWe,true,true,true,true,true,false,true
krish586@gmail.com,$2b$12$1euRzMngdtuk86eZAsKqXOB6w3d/57xgFzPiqBfZ6rCIHFYxvv1xa,true,false,true,true,false,true,false
george529@gmail.com,$2b$12$1xXOyNjhFM2M3HetBVZVYuGSRd3TX6bc7J649oFleWeRkH/8Z0MVa,true,true,true,false,true,false,true
aradhana242@gmail.com,$2b$12$It/.W23wgl1V8vTXxvHnOOwDtiJvDAi./c8x12fjLqX1Zd6HPBf0C,true,true,true,true,true,true,false
kalpit60@gmail.com,$2b$12$nCajYMyEJ/H/A3oneUjM2Ov3TA6c1apO8PFN0Um0606I3.54i.1MS,false,true,true,true,true,true,true
manbir257@gmail.com,$2b$12$YjYKWjzA9wvdErd2KD8VB.D4duq3HXICxBeBB3kaiDYOf0vlwhUUW,true,true,true,true,false,false,false
warjas301@gmail.com,$2b$12$0oQ3Of5r79bdB/vXKZQtl.kblHYB2dxDk3X6MBHYNEjRMj0FqZgD.,true,false,true,false,true,false,true
tristan675@gmail.com,$2b$12$KbaIM7oZeg84YGlUFbpIoenufODyHsZX7fn67g1fYBGfkqaMT8A3m,true,true,true,true,false,true,true
triveni5@gmail.com,$2b$12$int10HHRGjyCAiP7XMiF2u4B4baAkttzn/Bgkty3/XcKi359gy1AG,true,true,true,true,true,false,true
vedant760@gmail.com,$2b$12$kcaJG6.1YeJaDOfuaS57xeqIVwrwKASYk1QFQWqZ0dFmy0no/EZqC,true,false,true,true,true,true,false
advika340@gmail.com,$2b$12$2zsk5/mDiJUB5JYlwdJgqOkmGz22gAqJKb6agDbCyyuGrde6/kyh2,true,true,true,false,true,false,true
alka676@gmail.com,$2b$12$8OSj/YEZcIgmqf82IsIueuk34zoKHGE.FKtLuOheXgRalyWvM5W.y,true,true,true,true,false,true,false
radha833@gmail.com,$2b$12$Rm3zWMa9RM60KdluVOw3Oe/qOKgfQNwM2XVl9499ONJu8MkIE021G,false,true,true,true,true,true,true
zinal959@gmail.com,$2b$12$iVsKbKQTtGR3ecqVp5cNv.bro1LuiPm6gtksFUDd0Uxsz7dv2S/3S,true,true,true,true,false,false,false
ronith763@gmail.com,$2b$12$yVwdpVcy7Gt4vcBha0Ntc.WIQBAIAAlANeG/VF1Em0i7k1zZBvWMG,true,true,true,false,true,false,true
ganga988@gmail.com,$2b$12$GAW95lpBMB5kfBacQ6N6W.JIBcHho1MTIHlVQFZ1YivWVaIiAuTUW,true,true,true,true,false,true,false
owen751@gmail.com,$2b$12$mx.rvWjoUTMsXoBI6WW7KudmcsbJDxmssY17wWmLHV.fnTOpUXoOy,true,true,true,true,true,false,true
